<?xml version='1.0' encoding='UTF-8'?>
<inventory format-version="1.0">
	<templates>
		<template>
			<id>79d2ccd3-6a77-46df-ac89-eaa3c6fea153</id>
			<revisionId>79d2ccd3-6a77-46df-ac89-eaa3c6fea153</revisionId>
			<name>bugtest-T-Port</name>
			<description>Description</description>
			<isTemplate>true</isTemplate>
			<type>PORT</type>
			<interfaceType>NONE</interfaceType>
			<utilizationType>SHARED</utilizationType>
			<reservationTime>IMMEDIATE</reservationTime>
			<isCustomReservationTime>false</isCustomReservationTime>
			<properties>
				<property>
					<name>textBox</name>
					<description>Description</description>
					<datatype>STRING</datatype>
					<widgetType>TEXT_FIELD</widgetType>
					<value>text</value>
					<required>false</required>
					<group>522dfcb3-aa02-4709-bf88-743ef4684139</group>
					<seqNo>1</seqNo>
					<encrypted>false</encrypted>
				</property>
				<property>
					<name>integer</name>
					<description>Description</description>
					<datatype>INTEGER</datatype>
					<widgetType>INTEGER_FIELD</widgetType>
					<value>123</value>
					<required>false</required>
					<group>522dfcb3-aa02-4709-bf88-743ef4684139</group>
					<seqNo>2</seqNo>
					<encrypted>false</encrypted>
				</property>
				<property>
					<name>decimal</name>
					<description>Description</description>
					<datatype>DECIMAL</datatype>
					<widgetType>DECIMAL_FIELD</widgetType>
					<value>1.1</value>
					<required>false</required>
					<group>522dfcb3-aa02-4709-bf88-743ef4684139</group>
					<seqNo>3</seqNo>
					<encrypted>false</encrypted>
				</property>
				<property>
					<name>bool</name>
					<description>Description</description>
					<datatype>BOOLEAN</datatype>
					<widgetType>CHECKBOX</widgetType>
					<value>true</value>
					<required>false</required>
					<group>522dfcb3-aa02-4709-bf88-743ef4684139</group>
					<seqNo>4</seqNo>
					<encrypted>false</encrypted>
				</property>
				<property>
					<name>textArea</name>
					<description>Description</description>
					<datatype>STRING</datatype>
					<widgetType>TEXT_AREA</widgetType>
					<value>text
area</value>
					<required>false</required>
					<group>522dfcb3-aa02-4709-bf88-743ef4684139</group>
					<seqNo>5</seqNo>
					<encrypted>false</encrypted>
				</property>
				<property>
					<name>fileUpload</name>
					<description>Description</description>
					<datatype>ATTACHMENT</datatype>
					<widgetType>FILE_UPLOAD</widgetType>
					<attachment>
						<id>b2726f54-ab5d-462d-bb96-576bc5bf5a01</id>
						<name>jboss-output.log</name>
						<contentType>application/octet-stream</contentType>
					</attachment>
					<required>false</required>
					<group>522dfcb3-aa02-4709-bf88-743ef4684139</group>
					<seqNo>6</seqNo>
					<encrypted>false</encrypted>
				</property>
				<property>
					<name>password</name>
					<description>Description</description>
					<datatype>STRING</datatype>
					<widgetType>PASSWORD_FIELD</widgetType>
					<value>2JoWQiv1i4fJcqZbTrz8EjSLFhsV7TiTNMgHKvkkdBI=</value>
					<required>false</required>
					<group>522dfcb3-aa02-4709-bf88-743ef4684139</group>
					<seqNo>7</seqNo>
					<encrypted>true</encrypted>
				</property>
				<property>
					<name>dropDown</name>
					<description>Description</description>
					<datatype>STRING</datatype>
					<widgetType>DROP_DOWN_LIST</widgetType>
					<value>down</value>
					<required>false</required>
					<group>522dfcb3-aa02-4709-bf88-743ef4684139</group>
					<seqNo>8</seqNo>
					<encrypted>false</encrypted>
					<availableValues>
						<availableValue>down</availableValue>
						<availableValue>drop</availableValue>
						<availableValue>list</availableValue>
					</availableValues>
				</property>
				<property>
					<name>textBoxAdditional</name>
					<description>DescriptionAdditional</description>
					<datatype>STRING</datatype>
					<widgetType>TEXT_FIELD</widgetType>
					<value>textAdditional</value>
					<required>false</required>
					<group>522dfcb3-aa02-4709-bf88-743ef4684131</group>
					<seqNo>9</seqNo>
					<encrypted>false</encrypted>
				</property>
				<property>
					<name>integerAdditional</name>
					<description>DescriptionAdditional</description>
					<datatype>INTEGER</datatype>
					<widgetType>INTEGER_FIELD</widgetType>
					<value>123</value>
					<required>false</required>
					<group>522dfcb3-aa02-4709-bf88-743ef4684131</group>
					<seqNo>10</seqNo>
					<encrypted>false</encrypted>
				</property>
				<property>
					<name>decimalAdditional</name>
					<description>DescriptionAdditional</description>
					<datatype>DECIMAL</datatype>
					<widgetType>DECIMAL_FIELD</widgetType>
					<value>1.1</value>
					<required>false</required>
					<group>522dfcb3-aa02-4709-bf88-743ef4684131</group>
					<seqNo>11</seqNo>
					<encrypted>false</encrypted>
				</property>
				<property>
					<name>boolAdditional</name>
					<description>DescriptionAdditional</description>
					<datatype>BOOLEAN</datatype>
					<widgetType>CHECKBOX</widgetType>
					<value>true</value>
					<required>false</required>
					<group>522dfcb3-aa02-4709-bf88-743ef4684131</group>
					<seqNo>12</seqNo>
					<encrypted>false</encrypted>
				</property>
				<property>
					<name>textAreaAdditional</name>
					<description>DescriptionAdditional</description>
					<datatype>STRING</datatype>
					<widgetType>TEXT_AREA</widgetType>
					<value>text
areaAdditional</value>
					<required>false</required>
					<group>522dfcb3-aa02-4709-bf88-743ef4684131</group>
					<seqNo>13</seqNo>
					<encrypted>false</encrypted>
				</property>
				<property>
					<name>fileUploadAdditional</name>
					<description>DescriptionAdditional</description>
					<datatype>ATTACHMENT</datatype>
					<widgetType>FILE_UPLOAD</widgetType>
					<attachment>
						<id>b2726f54-ab5d-462d-bb96-576bc5bf5a01</id>
						<name>jboss-output.log</name>
						<contentType>application/octet-stream</contentType>
					</attachment>
					<required>false</required>
					<group>522dfcb3-aa02-4709-bf88-743ef4684131</group>
					<seqNo>14</seqNo>
					<encrypted>false</encrypted>
				</property>
				<property>
					<name>passwordAdditional</name>
					<description>DescriptionAdditional</description>
					<datatype>STRING</datatype>
					<widgetType>PASSWORD_FIELD</widgetType>
					<value>2JoWQiv1i4fJcqZbTrz8EjSLFhsV7TiTNMgHKvkkdBI=</value>
					<required>false</required>
					<group>522dfcb3-aa02-4709-bf88-743ef4684131</group>
					<seqNo>15</seqNo>
					<encrypted>true</encrypted>
				</property>
				<property>
					<name>dropDownAdditional</name>
					<description>DescriptionAdditional</description>
					<datatype>STRING</datatype>
					<widgetType>DROP_DOWN_LIST</widgetType>
					<value>down</value>
					<required>false</required>
					<group>522dfcb3-aa02-4709-bf88-743ef4684131</group>
					<seqNo>16</seqNo>
					<encrypted>false</encrypted>
					<availableValues>
						<availableValue>down</availableValue>
						<availableValue>drop</availableValue>
						<availableValue>list</availableValue>
						<availableValue>Additional</availableValue>
					</availableValues>
				</property>
			</properties>
			<propertyGroups>
				<propertyGroup>
					<id>522dfcb3-aa02-4709-bf88-743ef4684139</id>
					<name>Property Group</name>
					<seqNo>1</seqNo>
					<isHidden>false</isHidden>
				</propertyGroup>
				<propertyGroup>
					<id>522dfcb3-aa02-4709-bf88-743ef4684131</id>
					<name>Property Group Additional</name>
					<seqNo>2</seqNo>
					<isHidden>false</isHidden>
				</propertyGroup>
			</propertyGroups>
			<icon/>
			<defaultImageAttach/>
			<defaultConfigAttach/>
		</template>
		<template>
			<id>79d2ccd3-6a77-46df-ac89-eaa3c6fea151</id>
			<revisionId>79d2ccd3-6a77-46df-ac89-eaa3c6fea151</revisionId>
			<name>bugtest-T-Port Additional</name>
			<description>Description Additional</description>
			<isTemplate>true</isTemplate>
			<type>PORT</type>
			<interfaceType>NONE</interfaceType>
			<utilizationType>SHARED</utilizationType>
			<reservationTime>IMMEDIATE</reservationTime>
			<isCustomReservationTime>false</isCustomReservationTime>
			<properties>
				<property>
					<name>textBox</name>
					<description>Description</description>
					<datatype>STRING</datatype>
					<widgetType>TEXT_FIELD</widgetType>
					<value>text</value>
					<required>false</required>
					<group>522dfcb3-aa02-4709-bf88-743ef4684132</group>
					<seqNo>1</seqNo>
					<encrypted>false</encrypted>
				</property>
				<property>
					<name>integer</name>
					<description>Description</description>
					<datatype>INTEGER</datatype>
					<widgetType>INTEGER_FIELD</widgetType>
					<value>123</value>
					<required>false</required>
					<group>522dfcb3-aa02-4709-bf88-743ef4684132</group>
					<seqNo>2</seqNo>
					<encrypted>false</encrypted>
				</property>
				<property>
					<name>decimal</name>
					<description>Description</description>
					<datatype>DECIMAL</datatype>
					<widgetType>DECIMAL_FIELD</widgetType>
					<value>1.1</value>
					<required>false</required>
					<group>522dfcb3-aa02-4709-bf88-743ef4684132</group>
					<seqNo>3</seqNo>
					<encrypted>false</encrypted>
				</property>
				<property>
					<name>bool</name>
					<description>Description</description>
					<datatype>BOOLEAN</datatype>
					<widgetType>CHECKBOX</widgetType>
					<value>true</value>
					<required>false</required>
					<group>522dfcb3-aa02-4709-bf88-743ef4684132</group>
					<seqNo>4</seqNo>
					<encrypted>false</encrypted>
				</property>
				<property>
					<name>textArea</name>
					<description>Description</description>
					<datatype>STRING</datatype>
					<widgetType>TEXT_AREA</widgetType>
					<value>text
area</value>
					<required>false</required>
					<group>522dfcb3-aa02-4709-bf88-743ef4684132</group>
					<seqNo>5</seqNo>
					<encrypted>false</encrypted>
				</property>
				<property>
					<name>fileUpload</name>
					<description>Description</description>
					<datatype>ATTACHMENT</datatype>
					<widgetType>FILE_UPLOAD</widgetType>
					<attachment>
						<id>b2726f54-ab5d-462d-bb96-576bc5bf5a01</id>
						<name>jboss-output.log</name>
						<contentType>application/octet-stream</contentType>
					</attachment>
					<required>false</required>
					<group>522dfcb3-aa02-4709-bf88-743ef4684132</group>
					<seqNo>6</seqNo>
					<encrypted>false</encrypted>
				</property>
				<property>
					<name>password</name>
					<description>Description</description>
					<datatype>STRING</datatype>
					<widgetType>PASSWORD_FIELD</widgetType>
					<value>2JoWQiv1i4fJcqZbTrz8EjSLFhsV7TiTNMgHKvkkdBI=</value>
					<required>false</required>
					<group>522dfcb3-aa02-4709-bf88-743ef4684132</group>
					<seqNo>7</seqNo>
					<encrypted>true</encrypted>
				</property>
				<property>
					<name>dropDown</name>
					<description>Description</description>
					<datatype>STRING</datatype>
					<widgetType>DROP_DOWN_LIST</widgetType>
					<value>down</value>
					<required>false</required>
					<group>522dfcb3-aa02-4709-bf88-743ef4684132</group>
					<seqNo>8</seqNo>
					<encrypted>false</encrypted>
					<availableValues>
						<availableValue>down</availableValue>
						<availableValue>drop</availableValue>
						<availableValue>list</availableValue>
					</availableValues>
				</property>
				<property>
					<name>textBoxAdditional</name>
					<description>DescriptionAdditional</description>
					<datatype>STRING</datatype>
					<widgetType>TEXT_FIELD</widgetType>
					<value>textAdditional</value>
					<required>false</required>
					<group>522dfcb3-aa02-4709-bf88-743ef4684133</group>
					<seqNo>9</seqNo>
					<encrypted>false</encrypted>
				</property>
				<property>
					<name>integerAdditional</name>
					<description>DescriptionAdditional</description>
					<datatype>INTEGER</datatype>
					<widgetType>INTEGER_FIELD</widgetType>
					<value>123</value>
					<required>false</required>
					<group>522dfcb3-aa02-4709-bf88-743ef4684133</group>
					<seqNo>10</seqNo>
					<encrypted>false</encrypted>
				</property>
				<property>
					<name>decimalAdditional</name>
					<description>DescriptionAdditional</description>
					<datatype>DECIMAL</datatype>
					<widgetType>DECIMAL_FIELD</widgetType>
					<value>1.1</value>
					<required>false</required>
					<group>522dfcb3-aa02-4709-bf88-743ef4684133</group>
					<seqNo>11</seqNo>
					<encrypted>false</encrypted>
				</property>
				<property>
					<name>boolAdditional</name>
					<description>DescriptionAdditional</description>
					<datatype>BOOLEAN</datatype>
					<widgetType>CHECKBOX</widgetType>
					<value>true</value>
					<required>false</required>
					<group>522dfcb3-aa02-4709-bf88-743ef4684133</group>
					<seqNo>12</seqNo>
					<encrypted>false</encrypted>
				</property>
				<property>
					<name>textAreaAdditional</name>
					<description>DescriptionAdditional</description>
					<datatype>STRING</datatype>
					<widgetType>TEXT_AREA</widgetType>
					<value>text
areaAdditional</value>
					<required>false</required>
					<group>522dfcb3-aa02-4709-bf88-743ef4684133</group>
					<seqNo>13</seqNo>
					<encrypted>false</encrypted>
				</property>
				<property>
					<name>fileUploadAdditional</name>
					<description>DescriptionAdditional</description>
					<datatype>ATTACHMENT</datatype>
					<widgetType>FILE_UPLOAD</widgetType>
					<attachment>
						<id>b2726f54-ab5d-462d-bb96-576bc5bf5a01</id>
						<name>jboss-output.log</name>
						<contentType>application/octet-stream</contentType>
					</attachment>
					<required>false</required>
					<group>522dfcb3-aa02-4709-bf88-743ef4684133</group>
					<seqNo>14</seqNo>
					<encrypted>false</encrypted>
				</property>
				<property>
					<name>passwordAdditional</name>
					<description>DescriptionAdditional</description>
					<datatype>STRING</datatype>
					<widgetType>PASSWORD_FIELD</widgetType>
					<value>2JoWQiv1i4fJcqZbTrz8EjSLFhsV7TiTNMgHKvkkdBI=</value>
					<required>false</required>
					<group>522dfcb3-aa02-4709-bf88-743ef4684133</group>
					<seqNo>15</seqNo>
					<encrypted>true</encrypted>
				</property>
				<property>
					<name>dropDownAdditional</name>
					<description>DescriptionAdditional</description>
					<datatype>STRING</datatype>
					<widgetType>DROP_DOWN_LIST</widgetType>
					<value>down</value>
					<required>false</required>
					<group>522dfcb3-aa02-4709-bf88-743ef4684133</group>
					<seqNo>16</seqNo>
					<encrypted>false</encrypted>
					<availableValues>
						<availableValue>down</availableValue>
						<availableValue>drop</availableValue>
						<availableValue>list</availableValue>
						<availableValue>Additional</availableValue>
					</availableValues>
				</property>
			</properties>
			<propertyGroups>
				<propertyGroup>
					<id>522dfcb3-aa02-4709-bf88-743ef4684132</id>
					<name>Property Group</name>
					<seqNo>1</seqNo>
					<isHidden>false</isHidden>
				</propertyGroup>
				<propertyGroup>
					<id>522dfcb3-aa02-4709-bf88-743ef4684133</id>
					<name>Property Group Additional</name>
					<seqNo>2</seqNo>
					<isHidden>false</isHidden>
				</propertyGroup>
			</propertyGroups>
			<icon/>
			<defaultImageAttach/>
			<defaultConfigAttach/>
		</template>
		<template>
			<id>dbac1799-d0b5-4da9-856c-c2039488dc2a</id>
			<revisionId>dbac1799-d0b5-4da9-856c-c2039488dc2a</revisionId>
			<name>bugtest-T1.1</name>
			<description>Description</description>
			<isTemplate>true</isTemplate>
			<type>DEVICE</type>
			<interfaceType>ORCHESTRATION</interfaceType>
			<utilizationType>EXCLUSIVE</utilizationType>
			<reservationTime>IMMEDIATE</reservationTime>
			<isCustomReservationTime>false</isCustomReservationTime>
			<properties>
				<property>
					<name>integer</name>
					<description>Desc</description>
					<datatype>INTEGER</datatype>
					<widgetType>INTEGER_FIELD</widgetType>
					<value>123</value>
					<required>false</required>
					<group>c67fed91-c24f-40e0-ae2a-e28ea1e2f33c</group>
					<seqNo>1</seqNo>
					<encrypted>false</encrypted>
				</property>
				<property>
					<name>textBox</name>
					<description>desc</description>
					<datatype>STRING</datatype>
					<widgetType>TEXT_FIELD</widgetType>
					<value>text</value>
					<required>false</required>
					<group>c67fed91-c24f-40e0-ae2a-e28ea1e2f33c</group>
					<seqNo>2</seqNo>
					<encrypted>false</encrypted>
				</property>
				<property>
					<name>decimal</name>
					<description>Description</description>
					<datatype>DECIMAL</datatype>
					<widgetType>DECIMAL_FIELD</widgetType>
					<value>1.1</value>
					<required>false</required>
					<group>c67fed91-c24f-40e0-ae2a-e28ea1e2f33c</group>
					<seqNo>3</seqNo>
					<encrypted>false</encrypted>
				</property>
				<property>
					<name>bool</name>
					<description>Description</description>
					<datatype>BOOLEAN</datatype>
					<widgetType>CHECKBOX</widgetType>
					<value>false</value>
					<required>false</required>
					<group>c67fed91-c24f-40e0-ae2a-e28ea1e2f33c</group>
					<seqNo>4</seqNo>
					<encrypted>false</encrypted>
				</property>
				<property>
					<name>textArea</name>
					<description>Description</description>
					<datatype>STRING</datatype>
					<widgetType>TEXT_AREA</widgetType>
					<value>text
area</value>
					<required>false</required>
					<group>c67fed91-c24f-40e0-ae2a-e28ea1e2f33c</group>
					<seqNo>5</seqNo>
					<encrypted>false</encrypted>
				</property>
				<property>
					<name>fileUpload</name>
					<description>Description</description>
					<datatype>ATTACHMENT</datatype>
					<widgetType>FILE_UPLOAD</widgetType>
					<attachment>
						<id>1fb4fca1-8c8a-4aae-81b6-213491267dfd</id>
						<name>25 Feb - Copy.html</name>
						<contentType>text/html</contentType>
					</attachment>
					<required>false</required>
					<group>c67fed91-c24f-40e0-ae2a-e28ea1e2f33c</group>
					<seqNo>6</seqNo>
					<encrypted>false</encrypted>
				</property>
				<property>
					<name>password</name>
					<description>Description</description>
					<datatype>STRING</datatype>
					<widgetType>PASSWORD_FIELD</widgetType>
					<value>tjz0QUg3rxIPRjyd2kjBWMTu5T4nB7ei_EwnR2MqQqE=</value>
					<required>false</required>
					<group>c67fed91-c24f-40e0-ae2a-e28ea1e2f33c</group>
					<seqNo>7</seqNo>
					<encrypted>true</encrypted>
				</property>
				<property>
					<name>dropDown</name>
					<description>Descripption</description>
					<datatype>STRING</datatype>
					<widgetType>DROP_DOWN_LIST</widgetType>
					<value>list</value>
					<required>false</required>
					<group>c67fed91-c24f-40e0-ae2a-e28ea1e2f33c</group>
					<seqNo>8</seqNo>
					<encrypted>false</encrypted>
					<availableValues>
						<availableValue>down</availableValue>
						<availableValue>drop</availableValue>
						<availableValue>list</availableValue>
					</availableValues>
				</property>
			</properties>
			<children>
				<child>
					<id>4fc0838a-5882-488f-9904-1b802596e462</id>
					<revisionId>4fc0838a-5882-488f-9904-1b802596e462</revisionId>
					<name>Port 1</name>
					<description></description>
					<isTemplate>false</isTemplate>
					<parentTemplateId>79d2ccd3-6a77-46df-ac89-eaa3c6fea153</parentTemplateId>
					<type>TEMPLATE_PORT</type>
					<interfaceType>NONE</interfaceType>
					<utilizationType>EXCLUSIVE</utilizationType>
					<reservationTime>IMMEDIATE</reservationTime>
					<isCustomReservationTime>false</isCustomReservationTime>
					<properties/>
					<propertyGroups>
						<propertyGroup>
							<id>522dfcb3-aa02-4709-bf88-743ef4684139</id>
							<name>Property Group</name>
							<seqNo>1</seqNo>
							<isHidden>false</isHidden>
						</propertyGroup>
					</propertyGroups>
					<childGroupId>a8be0719-32a8-4935-93fc-eb02d87bc9df</childGroupId>
					<icon/>
					<defaultImageAttach/>
					<defaultConfigAttach/>
				</child>
				<child>
					<id>4fc0838a-5882-488f-9904-1b802596e461</id>
					<revisionId>4fc0838a-5882-488f-9904-1b802596e461</revisionId>
					<name>Port 1 Additional</name>
					<description>Additional</description>
					<isTemplate>false</isTemplate>
					<parentTemplateId>79d2ccd3-6a77-46df-ac89-eaa3c6fea153</parentTemplateId>
					<type>TEMPLATE_PORT</type>
					<interfaceType>NONE</interfaceType>
					<utilizationType>EXCLUSIVE</utilizationType>
					<reservationTime>IMMEDIATE</reservationTime>
					<isCustomReservationTime>false</isCustomReservationTime>
					<properties/>
					<propertyGroups>
						<propertyGroup>
							<id>522dfcb3-aa02-4709-bf88-743ef4684139</id>
							<name>Property Group</name>
							<seqNo>1</seqNo>
							<isHidden>false</isHidden>
						</propertyGroup>
					</propertyGroups>
					<childGroupId>a8be0719-32a8-4935-93fc-eb02d87bc9df</childGroupId>
					<icon/>
					<defaultImageAttach/>
					<defaultConfigAttach/>
				</child>
				<child>
					<id>14d0ed94-ab49-468f-a1a8-fe5f6fc29c91</id>
					<revisionId>14d0ed94-ab49-468f-a1a8-fe5f6fc29c91</revisionId>
					<name>Port 2</name>
					<description></description>
					<isTemplate>false</isTemplate>
					<parentTemplateId>79d2ccd3-6a77-46df-ac89-eaa3c6fea153</parentTemplateId>
					<type>TEMPLATE_PORT</type>
					<interfaceType>NONE</interfaceType>
					<utilizationType>EXCLUSIVE</utilizationType>
					<reservationTime>IMMEDIATE</reservationTime>
					<isCustomReservationTime>false</isCustomReservationTime>
					<properties/>
					<propertyGroups>
						<propertyGroup>
							<id>522dfcb3-aa02-4709-bf88-743ef4684139</id>
							<name>Property Group</name>
							<seqNo>1</seqNo>
							<isHidden>false</isHidden>
						</propertyGroup>
					</propertyGroups>
					<childGroupId>a8be0719-32a8-4935-93fc-eb02d87bc9df</childGroupId>
					<icon/>
					<defaultImageAttach/>
					<defaultConfigAttach/>
				</child>
				<child>
					<id>a339b90a-b8f7-4800-86aa-3d49be5f64f8</id>
					<revisionId>a339b90a-b8f7-4800-86aa-3d49be5f64f8</revisionId>
					<name>Port 3</name>
					<description></description>
					<isTemplate>false</isTemplate>
					<parentTemplateId>79d2ccd3-6a77-46df-ac89-eaa3c6fea153</parentTemplateId>
					<type>TEMPLATE_PORT</type>
					<interfaceType>NONE</interfaceType>
					<utilizationType>EXCLUSIVE</utilizationType>
					<reservationTime>IMMEDIATE</reservationTime>
					<isCustomReservationTime>false</isCustomReservationTime>
					<properties/>
					<propertyGroups>
						<propertyGroup>
							<id>522dfcb3-aa02-4709-bf88-743ef4684139</id>
							<name>Property Group</name>
							<seqNo>1</seqNo>
							<isHidden>false</isHidden>
						</propertyGroup>
					</propertyGroups>
					<childGroupId>a8be0719-32a8-4935-93fc-eb02d87bc9df</childGroupId>
					<icon/>
					<defaultImageAttach/>
					<defaultConfigAttach/>
				</child>
				<child>
					<id>6ed29316-525a-4ed3-b9da-e10437106bca</id>
					<revisionId>6ed29316-525a-4ed3-b9da-e10437106bca</revisionId>
					<name>Port 4</name>
					<description></description>
					<isTemplate>false</isTemplate>
					<parentTemplateId>79d2ccd3-6a77-46df-ac89-eaa3c6fea153</parentTemplateId>
					<type>TEMPLATE_PORT</type>
					<interfaceType>NONE</interfaceType>
					<utilizationType>EXCLUSIVE</utilizationType>
					<reservationTime>IMMEDIATE</reservationTime>
					<isCustomReservationTime>false</isCustomReservationTime>
					<properties/>
					<propertyGroups>
						<propertyGroup>
							<id>522dfcb3-aa02-4709-bf88-743ef4684139</id>
							<name>Property Group</name>
							<seqNo>1</seqNo>
							<isHidden>false</isHidden>
						</propertyGroup>
					</propertyGroups>
					<childGroupId>a8be0719-32a8-4935-93fc-eb02d87bc9df</childGroupId>
					<icon/>
					<defaultImageAttach/>
					<defaultConfigAttach/>
				</child>
				<child>
					<id>08e77425-354c-43f1-9093-621fe5bd7b0a</id>
					<revisionId>08e77425-354c-43f1-9093-621fe5bd7b0a</revisionId>
					<name>Port 5</name>
					<description></description>
					<isTemplate>false</isTemplate>
					<parentTemplateId>79d2ccd3-6a77-46df-ac89-eaa3c6fea153</parentTemplateId>
					<type>TEMPLATE_PORT</type>
					<interfaceType>NONE</interfaceType>
					<utilizationType>EXCLUSIVE</utilizationType>
					<reservationTime>IMMEDIATE</reservationTime>
					<isCustomReservationTime>false</isCustomReservationTime>
					<properties/>
					<propertyGroups>
						<propertyGroup>
							<id>522dfcb3-aa02-4709-bf88-743ef4684139</id>
							<name>Property Group</name>
							<seqNo>1</seqNo>
							<isHidden>false</isHidden>
						</propertyGroup>
					</propertyGroups>
					<childGroupId>a8be0719-32a8-4935-93fc-eb02d87bc9df</childGroupId>
					<icon/>
					<defaultImageAttach/>
					<defaultConfigAttach/>
				</child>
			</children>
			<childGroups>
				<childGroup>
					<id>a8be0719-32a8-4935-93fc-eb02d87bc9df</id>
					<name>PG</name>
					<reserveWholeGroup>false</reserveWholeGroup>
				</childGroup>
			</childGroups>
			<propertyGroups>
				<propertyGroup>
					<id>c67fed91-c24f-40e0-ae2a-e28ea1e2f33c</id>
					<name>Prop Group</name>
					<seqNo>1</seqNo>
					<isHidden>true</isHidden>
				</propertyGroup>
			</propertyGroups>
			<icon>
				<attachment>
					<id>9fa04735-03f1-4cc9-b8e7-b2a794210106</id>
					<name>ice_screenshot_20201014-175931.png</name>
					<contentType>image/png</contentType>
				</attachment>
			</icon>
			<defaultImageAttach>
				<attachment>
					<id>dae20137-bd4d-47ab-ad24-bd541eec406e</id>
					<name>5GC_Automation_Report-25-02-2021_20-06-24.html</name>
					<contentType>text/html</contentType>
				</attachment>
			</defaultImageAttach>
			<defaultConfigAttach>
				<attachment>
					<id>537b548b-bd93-4b51-9425-ed68433b2826</id>
					<name>25 Feb.html</name>
					<contentType>text/html</contentType>
				</attachment>
			</defaultConfigAttach>
			<nestedTemplates>
				<nestedTemplate>
					<id>f6792f0a-190d-4ca5-9459-099f4e1aa898</id>
				</nestedTemplate>
			</nestedTemplates>
		</template>
		<template>
			<id>8a0557a8-862c-470c-8c1c-c00fa768dd75</id>
			<revisionId>8a0557a8-862c-470c-8c1c-c00fa768dd75</revisionId>
			<name>bugtest-T1.2</name>
			<description>Description</description>
			<isTemplate>true</isTemplate>
			<parentTemplateId>dbac1799-d0b5-4da9-856c-c2039488dc2a</parentTemplateId>
			<type>DEVICE</type>
			<interfaceType>ORCHESTRATION</interfaceType>
			<utilizationType>EXCLUSIVE</utilizationType>
			<reservationTime>IMMEDIATE</reservationTime>
			<isCustomReservationTime>false</isCustomReservationTime>
			<properties>
				<property>
					<name>integer</name>
					<description>Desc</description>
					<datatype>INTEGER</datatype>
					<widgetType>INTEGER_FIELD</widgetType>
					<value>123</value>
					<required>false</required>
					<group>a1f97f78-5f5d-4b88-933e-147fa3289894</group>
					<seqNo>1</seqNo>
					<encrypted>false</encrypted>
				</property>
				<property>
					<name>textBox</name>
					<description>desc</description>
					<datatype>STRING</datatype>
					<widgetType>TEXT_FIELD</widgetType>
					<value>text</value>
					<required>false</required>
					<group>a1f97f78-5f5d-4b88-933e-147fa3289894</group>
					<seqNo>2</seqNo>
					<encrypted>false</encrypted>
				</property>
				<property>
					<name>decimal</name>
					<description>Description</description>
					<datatype>DECIMAL</datatype>
					<widgetType>DECIMAL_FIELD</widgetType>
					<value>1.1</value>
					<required>false</required>
					<group>a1f97f78-5f5d-4b88-933e-147fa3289894</group>
					<seqNo>3</seqNo>
					<encrypted>false</encrypted>
				</property>
				<property>
					<name>bool</name>
					<description>Description</description>
					<datatype>BOOLEAN</datatype>
					<widgetType>CHECKBOX</widgetType>
					<value>false</value>
					<required>false</required>
					<group>a1f97f78-5f5d-4b88-933e-147fa3289894</group>
					<seqNo>4</seqNo>
					<encrypted>false</encrypted>
				</property>
				<property>
					<name>textArea</name>
					<description>Description</description>
					<datatype>STRING</datatype>
					<widgetType>TEXT_AREA</widgetType>
					<value>text
area</value>
					<required>false</required>
					<group>a1f97f78-5f5d-4b88-933e-147fa3289894</group>
					<seqNo>5</seqNo>
					<encrypted>false</encrypted>
				</property>
				<property>
					<name>fileUpload</name>
					<description>Description</description>
					<datatype>ATTACHMENT</datatype>
					<widgetType>FILE_UPLOAD</widgetType>
					<attachment>
						<id>1fb4fca1-8c8a-4aae-81b6-213491267dfd</id>
						<name>25 Feb - Copy.html</name>
						<contentType>text/html</contentType>
					</attachment>
					<required>false</required>
					<group>a1f97f78-5f5d-4b88-933e-147fa3289894</group>
					<seqNo>6</seqNo>
					<encrypted>false</encrypted>
				</property>
				<property>
					<name>password</name>
					<description>Description</description>
					<datatype>STRING</datatype>
					<widgetType>PASSWORD_FIELD</widgetType>
					<value>Xts3J7UosNtvvlDCayTTgiG-eTAgxfWf-ThSQC5u8rc=</value>
					<required>false</required>
					<group>a1f97f78-5f5d-4b88-933e-147fa3289894</group>
					<seqNo>7</seqNo>
					<encrypted>true</encrypted>
				</property>
				<property>
					<name>dropDown</name>
					<description>Descripption</description>
					<datatype>STRING</datatype>
					<widgetType>DROP_DOWN_LIST</widgetType>
					<value>list</value>
					<required>false</required>
					<group>a1f97f78-5f5d-4b88-933e-147fa3289894</group>
					<seqNo>8</seqNo>
					<encrypted>false</encrypted>
					<availableValues>
						<availableValue>down</availableValue>
						<availableValue>drop</availableValue>
						<availableValue>list</availableValue>
					</availableValues>
				</property>
			</properties>
			<children>
				<child>
					<id>c3e6574d-95f9-4759-a65f-7cbe64becc27</id>
					<revisionId>c3e6574d-95f9-4759-a65f-7cbe64becc27</revisionId>
					<name>Port 1</name>
					<description></description>
					<isTemplate>false</isTemplate>
					<parentTemplateId>79d2ccd3-6a77-46df-ac89-eaa3c6fea153</parentTemplateId>
					<type>TEMPLATE_PORT</type>
					<interfaceType>NONE</interfaceType>
					<utilizationType>EXCLUSIVE</utilizationType>
					<reservationTime>IMMEDIATE</reservationTime>
					<isCustomReservationTime>false</isCustomReservationTime>
					<properties/>
					<propertyGroups>
						<propertyGroup>
							<id>522dfcb3-aa02-4709-bf88-743ef4684139</id>
							<name>Property Group</name>
							<seqNo>1</seqNo>
							<isHidden>false</isHidden>
						</propertyGroup>
					</propertyGroups>
					<childGroupId>b6e621fe-38e1-4767-bf3e-2030da7aa5d9</childGroupId>
					<icon/>
					<defaultImageAttach/>
					<defaultConfigAttach/>
				</child>
				<child>
					<id>0192b36c-adce-4995-ab5f-7cb82d2991d0</id>
					<revisionId>0192b36c-adce-4995-ab5f-7cb82d2991d0</revisionId>
					<name>Port 2</name>
					<description></description>
					<isTemplate>false</isTemplate>
					<parentTemplateId>79d2ccd3-6a77-46df-ac89-eaa3c6fea153</parentTemplateId>
					<type>TEMPLATE_PORT</type>
					<interfaceType>NONE</interfaceType>
					<utilizationType>EXCLUSIVE</utilizationType>
					<reservationTime>IMMEDIATE</reservationTime>
					<isCustomReservationTime>false</isCustomReservationTime>
					<properties/>
					<propertyGroups>
						<propertyGroup>
							<id>522dfcb3-aa02-4709-bf88-743ef4684139</id>
							<name>Property Group</name>
							<seqNo>1</seqNo>
							<isHidden>false</isHidden>
						</propertyGroup>
					</propertyGroups>
					<childGroupId>b6e621fe-38e1-4767-bf3e-2030da7aa5d9</childGroupId>
					<icon/>
					<defaultImageAttach/>
					<defaultConfigAttach/>
				</child>
				<child>
					<id>2320e266-3bd6-4873-a1bf-1a14fb41c30c</id>
					<revisionId>2320e266-3bd6-4873-a1bf-1a14fb41c30c</revisionId>
					<name>Port 3</name>
					<description></description>
					<isTemplate>false</isTemplate>
					<parentTemplateId>79d2ccd3-6a77-46df-ac89-eaa3c6fea153</parentTemplateId>
					<type>TEMPLATE_PORT</type>
					<interfaceType>NONE</interfaceType>
					<utilizationType>EXCLUSIVE</utilizationType>
					<reservationTime>IMMEDIATE</reservationTime>
					<isCustomReservationTime>false</isCustomReservationTime>
					<properties/>
					<propertyGroups>
						<propertyGroup>
							<id>522dfcb3-aa02-4709-bf88-743ef4684139</id>
							<name>Property Group</name>
							<seqNo>1</seqNo>
							<isHidden>false</isHidden>
						</propertyGroup>
					</propertyGroups>
					<childGroupId>b6e621fe-38e1-4767-bf3e-2030da7aa5d9</childGroupId>
					<icon/>
					<defaultImageAttach/>
					<defaultConfigAttach/>
				</child>
				<child>
					<id>cede93c3-6de8-485e-a666-9c93ec5cf9fe</id>
					<revisionId>cede93c3-6de8-485e-a666-9c93ec5cf9fe</revisionId>
					<name>Port 4</name>
					<description></description>
					<isTemplate>false</isTemplate>
					<parentTemplateId>79d2ccd3-6a77-46df-ac89-eaa3c6fea153</parentTemplateId>
					<type>TEMPLATE_PORT</type>
					<interfaceType>NONE</interfaceType>
					<utilizationType>EXCLUSIVE</utilizationType>
					<reservationTime>IMMEDIATE</reservationTime>
					<isCustomReservationTime>false</isCustomReservationTime>
					<properties/>
					<propertyGroups>
						<propertyGroup>
							<id>522dfcb3-aa02-4709-bf88-743ef4684139</id>
							<name>Property Group</name>
							<seqNo>1</seqNo>
							<isHidden>false</isHidden>
						</propertyGroup>
					</propertyGroups>
					<childGroupId>b6e621fe-38e1-4767-bf3e-2030da7aa5d9</childGroupId>
					<icon/>
					<defaultImageAttach/>
					<defaultConfigAttach/>
				</child>
				<child>
					<id>56d55d20-7646-42c8-9e4d-ed8b57d2729e</id>
					<revisionId>56d55d20-7646-42c8-9e4d-ed8b57d2729e</revisionId>
					<name>Port 5</name>
					<description></description>
					<isTemplate>false</isTemplate>
					<parentTemplateId>79d2ccd3-6a77-46df-ac89-eaa3c6fea153</parentTemplateId>
					<type>TEMPLATE_PORT</type>
					<interfaceType>NONE</interfaceType>
					<utilizationType>EXCLUSIVE</utilizationType>
					<reservationTime>IMMEDIATE</reservationTime>
					<isCustomReservationTime>false</isCustomReservationTime>
					<properties/>
					<propertyGroups>
						<propertyGroup>
							<id>522dfcb3-aa02-4709-bf88-743ef4684139</id>
							<name>Property Group</name>
							<seqNo>1</seqNo>
							<isHidden>false</isHidden>
						</propertyGroup>
					</propertyGroups>
					<childGroupId>b6e621fe-38e1-4767-bf3e-2030da7aa5d9</childGroupId>
					<icon/>
					<defaultImageAttach/>
					<defaultConfigAttach/>
				</child>
			</children>
			<childGroups>
				<childGroup>
					<id>b6e621fe-38e1-4767-bf3e-2030da7aa5d9</id>
					<name>PG</name>
					<reserveWholeGroup>false</reserveWholeGroup>
				</childGroup>
			</childGroups>
			<propertyGroups>
				<propertyGroup>
					<id>a1f97f78-5f5d-4b88-933e-147fa3289894</id>
					<name>Prop Group</name>
					<seqNo>1</seqNo>
					<isHidden>true</isHidden>
				</propertyGroup>
			</propertyGroups>
			<icon>
				<attachment>
					<id>e9bf61c4-1b93-418b-8910-9f6314708c1f</id>
					<name>ice_screenshot_20201014-175931.png</name>
					<contentType>image/png</contentType>
				</attachment>
			</icon>
			<defaultImageAttach>
				<attachment>
					<id>dae20137-bd4d-47ab-ad24-bd541eec406e</id>
					<name>5GC_Automation_Report-25-02-2021_20-06-24.html</name>
					<contentType>text/html</contentType>
				</attachment>
			</defaultImageAttach>
			<defaultConfigAttach>
				<attachment>
					<id>537b548b-bd93-4b51-9425-ed68433b2826</id>
					<name>25 Feb.html</name>
					<contentType>text/html</contentType>
				</attachment>
			</defaultConfigAttach>
			<nestedTemplates/>
		</template>
		<template>
			<id>f6792f0a-190d-4ca5-9459-099f4e1aa898</id>
			<revisionId>f6792f0a-190d-4ca5-9459-099f4e1aa898</revisionId>
			<name>bugtest-T1.N</name>
			<description>Description</description>
			<isTemplate>true</isTemplate>
			<type>DEVICE</type>
			<interfaceType>ORCHESTRATION</interfaceType>
			<utilizationType>EXCLUSIVE</utilizationType>
			<reservationTime>IMMEDIATE</reservationTime>
			<isCustomReservationTime>false</isCustomReservationTime>
			<properties>
				<property>
					<name>integer</name>
					<description>Desc</description>
					<datatype>INTEGER</datatype>
					<widgetType>INTEGER_FIELD</widgetType>
					<value>123</value>
					<required>false</required>
					<group>9f9d43b1-7a5c-4179-b145-0e24661ba724</group>
					<seqNo>1</seqNo>
					<encrypted>false</encrypted>
				</property>
				<property>
					<name>textBox</name>
					<description>desc</description>
					<datatype>STRING</datatype>
					<widgetType>TEXT_FIELD</widgetType>
					<value>text</value>
					<required>false</required>
					<group>9f9d43b1-7a5c-4179-b145-0e24661ba724</group>
					<seqNo>2</seqNo>
					<encrypted>false</encrypted>
				</property>
				<property>
					<name>decimal</name>
					<description>Description</description>
					<datatype>DECIMAL</datatype>
					<widgetType>DECIMAL_FIELD</widgetType>
					<value>1.1</value>
					<required>false</required>
					<group>9f9d43b1-7a5c-4179-b145-0e24661ba724</group>
					<seqNo>3</seqNo>
					<encrypted>false</encrypted>
				</property>
				<property>
					<name>bool</name>
					<description>Description</description>
					<datatype>BOOLEAN</datatype>
					<widgetType>CHECKBOX</widgetType>
					<value>false</value>
					<required>false</required>
					<group>9f9d43b1-7a5c-4179-b145-0e24661ba724</group>
					<seqNo>4</seqNo>
					<encrypted>false</encrypted>
				</property>
				<property>
					<name>textArea</name>
					<description>Description</description>
					<datatype>STRING</datatype>
					<widgetType>TEXT_AREA</widgetType>
					<value>text
area</value>
					<required>false</required>
					<group>9f9d43b1-7a5c-4179-b145-0e24661ba724</group>
					<seqNo>5</seqNo>
					<encrypted>false</encrypted>
				</property>
				<property>
					<name>fileUpload</name>
					<description>Description</description>
					<datatype>ATTACHMENT</datatype>
					<widgetType>FILE_UPLOAD</widgetType>
					<attachment>
						<id>1fb4fca1-8c8a-4aae-81b6-213491267dfd</id>
						<name>25 Feb - Copy.html</name>
						<contentType>text/html</contentType>
					</attachment>
					<required>false</required>
					<group>9f9d43b1-7a5c-4179-b145-0e24661ba724</group>
					<seqNo>6</seqNo>
					<encrypted>false</encrypted>
				</property>
				<property>
					<name>password</name>
					<description>Description</description>
					<datatype>STRING</datatype>
					<widgetType>PASSWORD_FIELD</widgetType>
					<value>D9URG6xKX8x-9xtGLz0OEk1tz_RKu0dZywOlrZEMUjA=</value>
					<required>false</required>
					<group>9f9d43b1-7a5c-4179-b145-0e24661ba724</group>
					<seqNo>7</seqNo>
					<encrypted>true</encrypted>
				</property>
				<property>
					<name>dropDown</name>
					<description>Descripption</description>
					<datatype>STRING</datatype>
					<widgetType>DROP_DOWN_LIST</widgetType>
					<value>list</value>
					<required>false</required>
					<group>9f9d43b1-7a5c-4179-b145-0e24661ba724</group>
					<seqNo>8</seqNo>
					<encrypted>false</encrypted>
					<availableValues>
						<availableValue>down</availableValue>
						<availableValue>drop</availableValue>
						<availableValue>list</availableValue>
					</availableValues>
				</property>
			</properties>
			<children>
				<child>
					<id>b121f19a-86f5-457d-8971-6a83007bd572</id>
					<revisionId>b121f19a-86f5-457d-8971-6a83007bd572</revisionId>
					<name>Port 1</name>
					<description></description>
					<isTemplate>false</isTemplate>
					<parentTemplateId>79d2ccd3-6a77-46df-ac89-eaa3c6fea153</parentTemplateId>
					<type>TEMPLATE_PORT</type>
					<interfaceType>NONE</interfaceType>
					<utilizationType>EXCLUSIVE</utilizationType>
					<reservationTime>IMMEDIATE</reservationTime>
					<isCustomReservationTime>false</isCustomReservationTime>
					<properties/>
					<propertyGroups>
						<propertyGroup>
							<id>522dfcb3-aa02-4709-bf88-743ef4684139</id>
							<name>Property Group</name>
							<seqNo>1</seqNo>
							<isHidden>false</isHidden>
						</propertyGroup>
					</propertyGroups>
					<childGroupId>439bf7a9-172e-4a1f-aa92-8fbd0ca694a0</childGroupId>
					<icon/>
					<defaultImageAttach/>
					<defaultConfigAttach/>
				</child>
				<child>
					<id>9af99171-5c31-41c1-b78a-3bec44bbf799</id>
					<revisionId>9af99171-5c31-41c1-b78a-3bec44bbf799</revisionId>
					<name>Port 2</name>
					<description></description>
					<isTemplate>false</isTemplate>
					<parentTemplateId>79d2ccd3-6a77-46df-ac89-eaa3c6fea153</parentTemplateId>
					<type>TEMPLATE_PORT</type>
					<interfaceType>NONE</interfaceType>
					<utilizationType>EXCLUSIVE</utilizationType>
					<reservationTime>IMMEDIATE</reservationTime>
					<isCustomReservationTime>false</isCustomReservationTime>
					<properties/>
					<propertyGroups>
						<propertyGroup>
							<id>522dfcb3-aa02-4709-bf88-743ef4684139</id>
							<name>Property Group</name>
							<seqNo>1</seqNo>
							<isHidden>false</isHidden>
						</propertyGroup>
					</propertyGroups>
					<childGroupId>439bf7a9-172e-4a1f-aa92-8fbd0ca694a0</childGroupId>
					<icon/>
					<defaultImageAttach/>
					<defaultConfigAttach/>
				</child>
				<child>
					<id>7d89330a-6423-430e-ad12-601ddf14b091</id>
					<revisionId>7d89330a-6423-430e-ad12-601ddf14b091</revisionId>
					<name>Port 3</name>
					<description></description>
					<isTemplate>false</isTemplate>
					<parentTemplateId>79d2ccd3-6a77-46df-ac89-eaa3c6fea153</parentTemplateId>
					<type>TEMPLATE_PORT</type>
					<interfaceType>NONE</interfaceType>
					<utilizationType>EXCLUSIVE</utilizationType>
					<reservationTime>IMMEDIATE</reservationTime>
					<isCustomReservationTime>false</isCustomReservationTime>
					<properties/>
					<propertyGroups>
						<propertyGroup>
							<id>522dfcb3-aa02-4709-bf88-743ef4684139</id>
							<name>Property Group</name>
							<seqNo>1</seqNo>
							<isHidden>false</isHidden>
						</propertyGroup>
					</propertyGroups>
					<childGroupId>439bf7a9-172e-4a1f-aa92-8fbd0ca694a0</childGroupId>
					<icon/>
					<defaultImageAttach/>
					<defaultConfigAttach/>
				</child>
				<child>
					<id>18bcf646-c5fe-419c-8777-002d390e480e</id>
					<revisionId>18bcf646-c5fe-419c-8777-002d390e480e</revisionId>
					<name>Port 4</name>
					<description></description>
					<isTemplate>false</isTemplate>
					<parentTemplateId>79d2ccd3-6a77-46df-ac89-eaa3c6fea153</parentTemplateId>
					<type>TEMPLATE_PORT</type>
					<interfaceType>NONE</interfaceType>
					<utilizationType>EXCLUSIVE</utilizationType>
					<reservationTime>IMMEDIATE</reservationTime>
					<isCustomReservationTime>false</isCustomReservationTime>
					<properties/>
					<propertyGroups>
						<propertyGroup>
							<id>522dfcb3-aa02-4709-bf88-743ef4684139</id>
							<name>Property Group</name>
							<seqNo>1</seqNo>
							<isHidden>false</isHidden>
						</propertyGroup>
					</propertyGroups>
					<childGroupId>439bf7a9-172e-4a1f-aa92-8fbd0ca694a0</childGroupId>
					<icon/>
					<defaultImageAttach/>
					<defaultConfigAttach/>
				</child>
				<child>
					<id>0f49f3c8-af7e-4d00-85cd-84308d3dd066</id>
					<revisionId>0f49f3c8-af7e-4d00-85cd-84308d3dd066</revisionId>
					<name>Port 5</name>
					<description></description>
					<isTemplate>false</isTemplate>
					<parentTemplateId>79d2ccd3-6a77-46df-ac89-eaa3c6fea153</parentTemplateId>
					<type>TEMPLATE_PORT</type>
					<interfaceType>NONE</interfaceType>
					<utilizationType>EXCLUSIVE</utilizationType>
					<reservationTime>IMMEDIATE</reservationTime>
					<isCustomReservationTime>false</isCustomReservationTime>
					<properties/>
					<propertyGroups>
						<propertyGroup>
							<id>522dfcb3-aa02-4709-bf88-743ef4684139</id>
							<name>Property Group</name>
							<seqNo>1</seqNo>
							<isHidden>false</isHidden>
						</propertyGroup>
					</propertyGroups>
					<childGroupId>439bf7a9-172e-4a1f-aa92-8fbd0ca694a0</childGroupId>
					<icon/>
					<defaultImageAttach/>
					<defaultConfigAttach/>
				</child>
			</children>
			<childGroups>
				<childGroup>
					<id>439bf7a9-172e-4a1f-aa92-8fbd0ca694a0</id>
					<name>PG</name>
					<reserveWholeGroup>false</reserveWholeGroup>
				</childGroup>
			</childGroups>
			<propertyGroups>
				<propertyGroup>
					<id>9f9d43b1-7a5c-4179-b145-0e24661ba724</id>
					<name>Prop Group</name>
					<seqNo>1</seqNo>
					<isHidden>true</isHidden>
				</propertyGroup>
			</propertyGroups>
			<icon>
				<attachment>
					<id>9fa04735-03f1-4cc9-b8e7-b2a794210106</id>
					<name>ice_screenshot_20201014-175931.png</name>
					<contentType>image/png</contentType>
				</attachment>
			</icon>
			<defaultImageAttach>
				<attachment>
					<id>dae20137-bd4d-47ab-ad24-bd541eec406e</id>
					<name>5GC_Automation_Report-25-02-2021_20-06-24.html</name>
					<contentType>text/html</contentType>
				</attachment>
			</defaultImageAttach>
			<defaultConfigAttach>
				<attachment>
					<id>537b548b-bd93-4b51-9425-ed68433b2826</id>
					<name>25 Feb.html</name>
					<contentType>text/html</contentType>
				</attachment>
			</defaultConfigAttach>
		</template>
	</templates>
</inventory>